{"TimeStamp":"2025-10-04T15:51:21Z","SiteName":"saxtechmegamindfunctions","RequestId":"f0c74d46-a139-11f0-9c16-cee493d8ca00","Kind":"az_cli_functions","Status":"Success","Details":"{\"Id\":\"d5802b847aef4bbf99b9d87051147d7d\",\"Status\":4,\"StatusText\":\"\",\"AuthorEmail\":\"N/A\",\"Author\":\"N/A\",\"Message\":\"Created via a push deployment\",\"Progress\":\"\",\"Deployer\":\"az_cli_functions\",\"ReceivedTime\":\"2025-10-04T15:51:19.2220688Z\",\"StartTime\":\"2025-10-04T15:51:19.8626355Z\",\"EndTime\":\"2025-10-04T15:51:21.1282829Z\",\"LastSuccessEndTime\":\"2025-10-04T15:51:21.1282829Z\",\"Complete\":true,\"IsTemporary\":false,\"IsReadOnly\":true,\"SiteName\":\"saxtechmegamindfunctions\",\"HostName\":\"saxtechmegamindfunctions.scm.azurewebsites.net\",\"ProjectType\":\"Run-From-Zip\",\"VsProjectId\":null}"}