<step title="BackgroundTrace" date="2025-10-04T05:11:36.163" instance="390109" url="/api/zipdeploy" method="POST" >
  <step title="Updating shutdown sentinel last write time" date="2025-10-04T05:11:36.194" SemaphoreCount="7" /><!-- duration: 16ms -->
  <step title="LockFile &apos;C:\home\site\locks\deployments.lock&apos; acquired" date="2025-10-04T05:11:36.241" /><!-- duration: 16ms -->
  <step title="Creating temporary deployment" date="2025-10-04T05:11:36.272" /><!-- duration: 172ms -->
  <step title="Performing fetch based deployment" date="2025-10-04T05:11:36.475" >
    <step title="Fetching changes." date="2025-10-04T05:11:36.694" /><!-- duration: 16ms -->
    <step title="Starting LocalZipHandler" date="2025-10-04T05:11:36.741" /><!-- duration: 16ms -->
    <step title="Starting ExtractTriggers" date="2025-10-04T05:11:36.788" /><!-- duration: 16ms -->
    <step title="Before sending BuildRequestReceived status to /api/updatedeploystatus" date="2025-10-04T05:11:36.991" /><!-- duration: 16ms -->
    <step title="DeploymentManager.Deploy(id:b267a180053c452e8d8586d96a928dd8)" date="2025-10-04T05:11:37.038" >
      <step title="Collecting changeset information" date="2025-10-04T05:11:37.069" /><!-- duration: 141ms -->
      <step title="Updating submodules" date="2025-10-04T05:11:37.241" >
        <step title="Updating submodules." date="2025-10-04T05:11:37.428" /><!-- duration: 16ms -->
      </step><!-- duration: 234ms -->
      <step title="Preparing deployment for commit id &apos;b267a18005&apos;." date="2025-10-04T05:11:37.694" /><!-- duration: 31ms -->
      <step title="Determining deployment builder" date="2025-10-04T05:11:37.897" >
        <step title="Builder is RunFromZipSiteBuilder" date="2025-10-04T05:11:37.913" /><!-- duration: 16ms -->
      </step><!-- duration: 47ms -->
      <step title="Copying SSH keys" date="2025-10-04T05:11:38.038" /><!-- duration: 47ms -->
      <step title="Building" date="2025-10-04T05:11:38.100" >
        <step title="Skipping build. Project type: Run-From-Zip" date="2025-10-04T05:11:38.288" /><!-- duration: 16ms -->
        <step title="Skipping post build. Project type: Run-From-Zip" date="2025-10-04T05:11:38.507" /><!-- duration: 16ms -->
        <step title="Triggering recycle (preview mode disabled)." date="2025-10-04T05:11:38.710" /><!-- duration: 16ms -->
        <step title="Ignoring FS watcher based recycle request as this is a classic Windows app." date="2025-10-04T05:11:38.756" /><!-- duration: 16ms -->
        <step title="Deployment successful. DEPLOYMENTINFO: deploymentPath = Functions App ZipDeploy. Run from package., deployer = az_cli_functions, os = windows, sku = PremiumV3, language = dotnet-isolated, siteName = saxtechmegamindfunctions, slotName = Production, siteHostName = saxtechmegamindfunctions.azurewebsites.net, deploymentStatus = Success" date="2025-10-04T05:11:38.960" /><!-- duration: 31ms -->
        <step title="Purge deployment items" date="2025-10-04T05:11:39.491" >
          <step title="Remove 9e0164718, Success, received at 10/1/2025 1:42:37 PM" date="2025-10-04T05:11:39.710" /><!-- duration: 31ms -->
        </step><!-- duration: 266ms -->
      </step><!-- duration: 1750ms -->
    </step><!-- duration: 2844ms -->
    <step title="Cleaning up temp files" date="2025-10-04T05:11:39.897" /><!-- duration: 16ms -->
    <step title="Updating C:\home\data\SitePackages\packagename.txt with deployment 20251004051135.zip" date="2025-10-04T05:11:39.928" /><!-- duration: 47ms -->
    <step title="Begin HttpPost https://saxtechmegamindfunctions.scm.azurewebsites.net/operations/settriggers, x-ms-request-id: 942fe31c-a0e0-11f0-9fa2-cee493d8ca00" date="2025-10-04T05:11:40.069" /><!-- duration: 16ms -->
    <step title="End HttpPost, status: OK" date="2025-10-04T05:11:40.663" /><!-- duration: 16ms -->
    <step title="Scheduling background sync triggers after delay" date="2025-10-04T05:11:40.694" /><!-- duration: 16ms -->
  </step><!-- duration: 4438ms -->
  <step title="LockFile &apos;C:\home\site\locks\deployments.lock&apos; released" date="2025-10-04T05:11:40.960" /><!-- duration: 31ms -->
</step><!-- duration: 4875ms -->
