<step title="Incoming Request" date="2025-10-04T05:52:17.504" instance="98483c" url="/api/zipdeploy?isAsync=true&amp;Deployer=az_cli_functions" method="POST" type="request" pid="2828,2,12" Cache-Control="no-cache" Content-Length="8752581" Content-Type="application/octet-stream" Accept="*/*" Accept-Encoding="gzip, deflate" Authorization="Bas..." Host="saxtechmegamindfunctions-enhanced.scm.azurewebsites.net" User-Agent="AZURECLI/2.75.0 (HOMEBREW)" x-ms-client-request-id="44005736-a0e6-11f0-a774-cee493d8ca00" X-ARR-LOG-ID="44005736-a0e6-11f0-a774-cee493d8ca00" CLIENT-IP="71.217.130.52:53739" X-SITE-DEPLOYMENT-ID="saxtechmegamindfunctions-enhanced" WAS-DEFAULT-HOSTNAME="saxtechmegamindfunctions-enhanced.scm.azurewebsites.net" X-Forwarded-Proto="https" X-AppService-Proto="https" X-Forwarded-TlsVersion="1.3" X-WAWS-Unencoded-URL="/api/zipdeploy?isAsync=true&amp;Deployer=az_cli_functions" >
  <step title="Cleanup Xml Logs" date="2025-10-04T05:52:17.519" /><!-- duration: 47ms -->
  <step title="ZipPushDeploy" date="2025-10-04T05:52:18.426" >
    <step title="Functions App ZipDeploy. Run from package." date="2025-10-04T05:52:18.457" /><!-- duration: 16ms -->
    <step title="Starting PushDeployAsync" date="2025-10-04T05:52:18.519" /><!-- duration: 16ms -->
    <step title="Updating shutdown sentinel last write time" date="2025-10-04T05:52:18.644" SemaphoreCount="7" /><!-- duration: 16ms -->
    <step title="LockFile &apos;C:\home\site\locks\deployments.lock&apos; acquired" date="2025-10-04T05:52:18.691" /><!-- duration: 31ms -->
    <step title="Deleting outdated zip file C:\home\data\SitePackages\20251004051135.zip" date="2025-10-04T05:52:18.801" /><!-- duration: 47ms -->
    <step title="Saving request content to C:\home\data\SitePackages\20251004055218.zip" date="2025-10-04T05:52:18.879" >
      <step title="Total 8,752,581 bytes written to C:\home\data\SitePackages\20251004055218.zip" date="2025-10-04T05:52:19.066" /><!-- duration: 31ms -->
    </step><!-- duration: 531ms -->
    <step title="LockFile &apos;C:\home\site\locks\deployments.lock&apos; released" date="2025-10-04T05:52:19.441" /><!-- duration: 31ms -->
    <step title="Deleting shutdown sentinel file" date="2025-10-04T05:52:19.519" SemaphoreCount="8" /><!-- duration: 31ms -->
    <step title="Starting FetchDeploy" date="2025-10-04T05:52:19.582" /><!-- duration: 31ms -->
    <step title="Start deployment in the background" date="2025-10-04T05:52:19.629" /><!-- duration: 812ms -->
  </step><!-- duration: 2031ms -->
  <step title="Outgoing response" date="2025-10-04T05:52:20.535" type="response" statusCode="202" statusText="Accepted" Server="Microsoft-IIS/10.0" x-ms-request-id="44005736-a0e6-11f0-a774-cee493d8ca00" Retry-After="30" Cache-Control="private" X-AspNet-Version="4.0.30319" Location="https://saxtechmegamindfunctions-enhanced.scm.azurewebsites.net/api/deployments/latest?deployer=az_cli_functions&amp;time=2025-10-04_05-52-20Z" /><!-- duration: 31ms -->
</step><!-- duration: 3078ms -->
