<step title="Incoming Request" date="2025-10-04T05:21:25.862" instance="390109" url="/api/zipdeploy?isAsync=true&amp;Deployer=az_cli_functions" method="POST" type="request" pid="10704,2,13" Cache-Control="no-cache" Content-Length="8749555" Content-Type="application/octet-stream" Accept="*/*" Accept-Encoding="gzip, deflate" Authorization="Bas..." Host="saxtechmegamindfunctions.scm.azurewebsites.net" User-Agent="AZURECLI/2.75.0 (HOMEBREW)" x-ms-client-request-id="f4710976-a0e1-11f0-975d-cee493d8ca00" X-ARR-LOG-ID="f4710976-a0e1-11f0-975d-cee493d8ca00" CLIENT-IP="71.217.130.52:61637" X-SITE-DEPLOYMENT-ID="saxtechmegamindfunctions" WAS-DEFAULT-HOSTNAME="saxtechmegamindfunctions.scm.azurewebsites.net" X-Forwarded-Proto="https" X-AppService-Proto="https" X-Forwarded-TlsVersion="1.3" X-WAWS-Unencoded-URL="/api/zipdeploy?isAsync=true&amp;Deployer=az_cli_functions" >
  <step title="Cleanup Xml Logs" date="2025-10-04T05:21:25.877" /><!-- duration: 31ms -->
  <step title="ZipPushDeploy" date="2025-10-04T05:21:25.987" >
    <step title="Functions App ZipDeploy. Run from package." date="2025-10-04T05:21:26.018" /><!-- duration: 31ms -->
    <step title="Starting PushDeployAsync" date="2025-10-04T05:21:26.081" /><!-- duration: 31ms -->
    <step title="Updating shutdown sentinel last write time" date="2025-10-04T05:21:26.174" SemaphoreCount="7" /><!-- duration: 31ms -->
    <step title="LockFile &apos;C:\home\site\locks\deployments.lock&apos; acquired" date="2025-10-04T05:21:26.252" /><!-- duration: 16ms -->
    <step title="Deleting outdated zip file C:\home\data\SitePackages\20251004041200.zip" date="2025-10-04T05:21:26.330" /><!-- duration: 31ms -->
    <step title="Saving request content to C:\home\data\SitePackages\20251004052126.zip" date="2025-10-04T05:21:26.393" >
      <step title="Total 8,749,555 bytes written to C:\home\data\SitePackages\20251004052126.zip" date="2025-10-04T05:21:26.612" /><!-- duration: 16ms -->
    </step><!-- duration: 931ms -->
    <step title="LockFile &apos;C:\home\site\locks\deployments.lock&apos; released" date="2025-10-04T05:21:27.371" /><!-- duration: 16ms -->
    <step title="Deleting shutdown sentinel file" date="2025-10-04T05:21:27.449" SemaphoreCount="8" /><!-- duration: 16ms -->
    <step title="Starting FetchDeploy" date="2025-10-04T05:21:27.496" /><!-- duration: 16ms -->
    <step title="Start deployment in the background" date="2025-10-04T05:21:27.543" /><!-- duration: 1078ms -->
  </step><!-- duration: 2681ms -->
  <step title="Outgoing response" date="2025-10-04T05:21:28.684" type="response" statusCode="202" statusText="Accepted" Server="Microsoft-IIS/10.0" x-ms-request-id="f4710976-a0e1-11f0-975d-cee493d8ca00" Retry-After="30" Cache-Control="private" X-AspNet-Version="4.0.30319" Location="https://saxtechmegamindfunctions.scm.azurewebsites.net/api/deployments/latest?deployer=az_cli_functions&amp;time=2025-10-04_05-21-28Z" /><!-- duration: 16ms -->
</step><!-- duration: 2869ms -->
