<step title="Incoming Request" date="2025-10-04T05:25:00.243" instance="390109" url="/api/zipdeploy?isAsync=true&amp;Deployer=az_cli_functions" method="POST" type="request" pid="3312,2,13" Cache-Control="no-cache" Content-Length="8749487" Content-Type="application/octet-stream" Accept="*/*" Accept-Encoding="gzip, deflate" Authorization="Bas..." Host="saxtechmegamindfunctions.scm.azurewebsites.net" User-Agent="AZURECLI/2.75.0 (HOMEBREW)" x-ms-client-request-id="748618b8-a0e2-11f0-96ac-cee493d8ca00" X-ARR-LOG-ID="748618b8-a0e2-11f0-96ac-cee493d8ca00" CLIENT-IP="71.217.130.52:62634" X-SITE-DEPLOYMENT-ID="saxtechmegamindfunctions" WAS-DEFAULT-HOSTNAME="saxtechmegamindfunctions.scm.azurewebsites.net" X-Forwarded-Proto="https" X-AppService-Proto="https" X-Forwarded-TlsVersion="1.3" X-WAWS-Unencoded-URL="/api/zipdeploy?isAsync=true&amp;Deployer=az_cli_functions" >
  <step title="Cleanup Xml Logs" date="2025-10-04T05:25:00.274" /><!-- duration: 31ms -->
  <step title="ZipPushDeploy" date="2025-10-04T05:25:00.821" >
    <step title="Functions App ZipDeploy. Run from package." date="2025-10-04T05:25:00.868" /><!-- duration: 47ms -->
    <step title="Starting PushDeployAsync" date="2025-10-04T05:25:00.931" /><!-- duration: 31ms -->
    <step title="Updating shutdown sentinel last write time" date="2025-10-04T05:25:01.134" SemaphoreCount="7" /><!-- duration: 16ms -->
    <step title="LockFile &apos;C:\home\site\locks\deployments.lock&apos; acquired" date="2025-10-04T05:25:01.212" /><!-- duration: 31ms -->
    <step title="Deleting outdated zip file C:\home\data\SitePackages\20251004041931.zip" date="2025-10-04T05:25:01.290" /><!-- duration: 47ms -->
    <step title="Saving request content to C:\home\data\SitePackages\20251004052500.zip" date="2025-10-04T05:25:01.400" >
      <step title="Total 8,749,487 bytes written to C:\home\data\SitePackages\20251004052500.zip" date="2025-10-04T05:25:01.634" /><!-- duration: 16ms -->
    </step><!-- duration: 875ms -->
    <step title="LockFile &apos;C:\home\site\locks\deployments.lock&apos; released" date="2025-10-04T05:25:02.306" /><!-- duration: 16ms -->
    <step title="Deleting shutdown sentinel file" date="2025-10-04T05:25:02.368" SemaphoreCount="8" /><!-- duration: 31ms -->
    <step title="Starting FetchDeploy" date="2025-10-04T05:25:02.431" /><!-- duration: 31ms -->
    <step title="Start deployment in the background" date="2025-10-04T05:25:02.493" /><!-- duration: 391ms -->
  </step><!-- duration: 2078ms -->
  <step title="Outgoing response" date="2025-10-04T05:25:02.962" type="response" statusCode="202" statusText="Accepted" Server="Microsoft-IIS/10.0" x-ms-request-id="748618b8-a0e2-11f0-96ac-cee493d8ca00" Retry-After="30" Cache-Control="private" X-AspNet-Version="4.0.30319" Location="https://saxtechmegamindfunctions.scm.azurewebsites.net/api/deployments/latest?deployer=az_cli_functions&amp;time=2025-10-04_05-25-02Z" /><!-- duration: 31ms -->
</step><!-- duration: 2781ms -->
