<step title="Incoming Request" date="2025-10-04T05:11:34.850" instance="390109" url="/api/zipdeploy?isAsync=true&amp;Deployer=az_cli_functions" method="POST" type="request" pid="6708,2,44" Cache-Control="no-cache" Content-Length="8730090" Content-Type="application/octet-stream" Accept="*/*" Accept-Encoding="gzip, deflate" Authorization="Bas..." Host="saxtechmegamindfunctions.scm.azurewebsites.net" User-Agent="AZURECLI/2.75.0 (HOMEBREW)" x-ms-client-request-id="942fe31c-a0e0-11f0-9fa2-cee493d8ca00" X-ARR-LOG-ID="942fe31c-a0e0-11f0-9fa2-cee493d8ca00" CLIENT-IP="71.217.130.52:58940" X-SITE-DEPLOYMENT-ID="saxtechmegamindfunctions" WAS-DEFAULT-HOSTNAME="saxtechmegamindfunctions.scm.azurewebsites.net" X-Forwarded-Proto="https" X-AppService-Proto="https" X-Forwarded-TlsVersion="1.3" X-WAWS-Unencoded-URL="/api/zipdeploy?isAsync=true&amp;Deployer=az_cli_functions" >
  <step title="Cleanup Xml Logs" date="2025-10-04T05:11:34.866" /><!-- duration: 31ms -->
  <step title="ZipPushDeploy" date="2025-10-04T05:11:34.975" >
    <step title="Functions App ZipDeploy. Run from package." date="2025-10-04T05:11:35.022" /><!-- duration: 16ms -->
    <step title="Starting PushDeployAsync" date="2025-10-04T05:11:35.053" /><!-- duration: 31ms -->
    <step title="Updating shutdown sentinel last write time" date="2025-10-04T05:11:35.147" SemaphoreCount="7" /><!-- duration: 16ms -->
    <step title="LockFile &apos;C:\home\site\locks\deployments.lock&apos; acquired" date="2025-10-04T05:11:35.225" /><!-- duration: 16ms -->
    <step title="Deleting outdated zip file C:\home\data\SitePackages\20251004040622.zip" date="2025-10-04T05:11:35.288" /><!-- duration: 47ms -->
    <step title="Saving request content to C:\home\data\SitePackages\20251004051135.zip" date="2025-10-04T05:11:35.350" >
      <step title="Total 8,730,090 bytes written to C:\home\data\SitePackages\20251004051135.zip" date="2025-10-04T05:11:35.553" /><!-- duration: 16ms -->
    </step><!-- duration: 578ms -->
    <step title="LockFile &apos;C:\home\site\locks\deployments.lock&apos; released" date="2025-10-04T05:11:35.960" /><!-- duration: 16ms -->
    <step title="Deleting shutdown sentinel file" date="2025-10-04T05:11:36.022" SemaphoreCount="8" /><!-- duration: 31ms -->
    <step title="Starting FetchDeploy" date="2025-10-04T05:11:36.085" /><!-- duration: 16ms -->
    <step title="Start deployment in the background" date="2025-10-04T05:11:36.132" /><!-- duration: 328ms -->
  </step><!-- duration: 1531ms -->
  <step title="Outgoing response" date="2025-10-04T05:11:36.522" type="response" statusCode="202" statusText="Accepted" Server="Microsoft-IIS/10.0" x-ms-request-id="942fe31c-a0e0-11f0-9fa2-cee493d8ca00" Retry-After="30" Cache-Control="private" X-AspNet-Version="4.0.30319" Location="https://saxtechmegamindfunctions.scm.azurewebsites.net/api/deployments/latest?deployer=az_cli_functions&amp;time=2025-10-04_05-11-36Z" /><!-- duration: 16ms -->
</step><!-- duration: 1719ms -->
