<step title="Incoming Request" date="2025-10-04T13:54:31.562" instance="390109" url="/api/zipdeploy?isAsync=true&amp;Deployer=az_cli_functions" method="POST" type="request" pid="6756,2,31" Cache-Control="no-cache" Content-Length="8750644" Content-Type="application/octet-stream" Accept="*/*" Accept-Encoding="gzip, deflate" Authorization="Bas..." Host="saxtechmegamindfunctions.scm.azurewebsites.net" User-Agent="AZURECLI/2.75.0 (HOMEBREW)" x-ms-client-request-id="a0217142-a129-11f0-8c30-cee493d8ca00" X-ARR-LOG-ID="a0217142-a129-11f0-8c30-cee493d8ca00" CLIENT-IP="71.217.130.52:65349" X-SITE-DEPLOYMENT-ID="saxtechmegamindfunctions" WAS-DEFAULT-HOSTNAME="saxtechmegamindfunctions.scm.azurewebsites.net" X-Forwarded-Proto="https" X-AppService-Proto="https" X-Forwarded-TlsVersion="1.3" X-WAWS-Unencoded-URL="/api/zipdeploy?isAsync=true&amp;Deployer=az_cli_functions" >
  <step title="Cleanup Xml Logs" date="2025-10-04T13:54:31.609" /><!-- duration: 47ms -->
  <step title="ZipPushDeploy" date="2025-10-04T13:54:31.734" >
    <step title="Functions App ZipDeploy. Run from package." date="2025-10-04T13:54:31.780" /><!-- duration: 31ms -->
    <step title="Starting PushDeployAsync" date="2025-10-04T13:54:31.859" /><!-- duration: 16ms -->
    <step title="Updating shutdown sentinel last write time" date="2025-10-04T13:54:31.968" SemaphoreCount="7" /><!-- duration: 16ms -->
    <step title="LockFile &apos;C:\home\site\locks\deployments.lock&apos; acquired" date="2025-10-04T13:54:32.062" /><!-- duration: 16ms -->
    <step title="Deleting outdated zip file C:\home\data\SitePackages\20251004052500.zip" date="2025-10-04T13:54:32.140" /><!-- duration: 31ms -->
    <step title="Saving request content to C:\home\data\SitePackages\20251004135431.zip" date="2025-10-04T13:54:32.202" >
      <step title="Total 8,750,644 bytes written to C:\home\data\SitePackages\20251004135431.zip" date="2025-10-04T13:54:32.405" /><!-- duration: 31ms -->
    </step><!-- duration: 656ms -->
    <step title="LockFile &apos;C:\home\site\locks\deployments.lock&apos; released" date="2025-10-04T13:54:32.890" /><!-- duration: 47ms -->
    <step title="Deleting shutdown sentinel file" date="2025-10-04T13:54:32.968" SemaphoreCount="8" /><!-- duration: 16ms -->
    <step title="Starting FetchDeploy" date="2025-10-04T13:54:33.015" /><!-- duration: 16ms -->
    <step title="Start deployment in the background" date="2025-10-04T13:54:33.062" /><!-- duration: 344ms -->
  </step><!-- duration: 1688ms -->
  <step title="Outgoing response" date="2025-10-04T13:54:33.452" type="response" statusCode="202" statusText="Accepted" Server="Microsoft-IIS/10.0" x-ms-request-id="a0217142-a129-11f0-8c30-cee493d8ca00" Retry-After="30" Cache-Control="private" X-AspNet-Version="4.0.30319" Location="https://saxtechmegamindfunctions.scm.azurewebsites.net/api/deployments/latest?deployer=az_cli_functions&amp;time=2025-10-04_13-54-33Z" /><!-- duration: 16ms -->
</step><!-- duration: 1922ms -->
