<step title="BackgroundTrace" date="2025-10-04T05:25:02.525" instance="390109" url="/api/zipdeploy" method="POST" >
  <step title="Updating shutdown sentinel last write time" date="2025-10-04T05:25:02.571" SemaphoreCount="7" /><!-- duration: 16ms -->
  <step title="LockFile &apos;C:\home\site\locks\deployments.lock&apos; acquired" date="2025-10-04T05:25:02.618" /><!-- duration: 16ms -->
  <step title="Creating temporary deployment" date="2025-10-04T05:25:02.649" /><!-- duration: 203ms -->
  <step title="Performing fetch based deployment" date="2025-10-04T05:25:02.884" >
    <step title="Fetching changes." date="2025-10-04T05:25:03.149" /><!-- duration: 16ms -->
    <step title="Starting LocalZipHandler" date="2025-10-04T05:25:03.196" /><!-- duration: 63ms -->
    <step title="Starting ExtractTriggers" date="2025-10-04T05:25:03.290" /><!-- duration: 31ms -->
    <step title="Before sending BuildRequestReceived status to /api/updatedeploystatus" date="2025-10-04T05:25:03.462" /><!-- duration: 16ms -->
    <step title="DeploymentManager.Deploy(id:a44d49eee6234b249462f3c922e036de)" date="2025-10-04T05:25:03.509" >
      <step title="Collecting changeset information" date="2025-10-04T05:25:03.556" /><!-- duration: 187ms -->
      <step title="Updating submodules" date="2025-10-04T05:25:03.759" >
        <step title="Updating submodules." date="2025-10-04T05:25:03.978" /><!-- duration: 16ms -->
      </step><!-- duration: 266ms -->
      <step title="Preparing deployment for commit id &apos;a44d49eee6&apos;." date="2025-10-04T05:25:04.243" /><!-- duration: 31ms -->
      <step title="Determining deployment builder" date="2025-10-04T05:25:04.478" >
        <step title="Builder is RunFromZipSiteBuilder" date="2025-10-04T05:25:04.525" /><!-- duration: 31ms -->
      </step><!-- duration: 109ms -->
      <step title="Copying SSH keys" date="2025-10-04T05:25:04.681" /><!-- duration: 31ms -->
      <step title="Building" date="2025-10-04T05:25:04.728" >
        <step title="Skipping build. Project type: Run-From-Zip" date="2025-10-04T05:25:04.962" /><!-- duration: 62ms -->
        <step title="Skipping post build. Project type: Run-From-Zip" date="2025-10-04T05:25:05.275" /><!-- duration: 16ms -->
        <step title="Triggering recycle (preview mode disabled)." date="2025-10-04T05:25:05.556" /><!-- duration: 16ms -->
        <step title="Ignoring FS watcher based recycle request as this is a classic Windows app." date="2025-10-04T05:25:05.603" /><!-- duration: 16ms -->
        <step title="Deployment successful. DEPLOYMENTINFO: deploymentPath = Functions App ZipDeploy. Run from package., deployer = az_cli_functions, os = windows, sku = PremiumV3, language = dotnet-isolated, siteName = saxtechmegamindfunctions, slotName = Production, siteHostName = saxtechmegamindfunctions.azurewebsites.net, deploymentStatus = Success" date="2025-10-04T05:25:05.837" /><!-- duration: 16ms -->
        <step title="Purge deployment items" date="2025-10-04T05:25:06.634" >
          <step title="Remove 83e76c24e, Success, received at 10/4/2025 3:51:09 AM" date="2025-10-04T05:25:06.931" /><!-- duration: 31ms -->
        </step><!-- duration: 359ms -->
      </step><!-- duration: 2359ms -->
    </step><!-- duration: 3594ms -->
    <step title="Cleaning up temp files" date="2025-10-04T05:25:07.134" /><!-- duration: 62ms -->
    <step title="Updating C:\home\data\SitePackages\packagename.txt with deployment 20251004052500.zip" date="2025-10-04T05:25:07.212" /><!-- duration: 63ms -->
    <step title="Begin HttpPost https://saxtechmegamindfunctions.scm.azurewebsites.net/operations/settriggers, x-ms-request-id: 748618b8-a0e2-11f0-96ac-cee493d8ca00" date="2025-10-04T05:25:07.353" /><!-- duration: 47ms -->
    <step title="End HttpPost, status: OK" date="2025-10-04T05:25:07.900" /><!-- duration: 31ms -->
    <step title="Scheduling background sync triggers after delay" date="2025-10-04T05:25:07.946" /><!-- duration: 16ms -->
  </step><!-- duration: 5375ms -->
  <step title="LockFile &apos;C:\home\site\locks\deployments.lock&apos; released" date="2025-10-04T05:25:08.290" /><!-- duration: 16ms -->
</step><!-- duration: 5813ms -->
