<step title="Incoming Request" date="2025-10-04T05:56:26.346" instance="390109" url="/api/zipdeploy?isAsync=true&amp;Deployer=az_cli_functions" method="POST" type="request" pid="11164,2,10" Cache-Control="no-cache" Content-Length="8725696" Content-Type="application/octet-stream" Accept="*/*" Accept-Encoding="gzip, deflate" Authorization="Bas..." Host="saxtechmegamindfunctions.scm.azurewebsites.net" User-Agent="AZURECLI/2.75.0 (HOMEBREW)" x-ms-client-request-id="d824372a-a0e6-11f0-8b5a-cee493d8ca00" X-ARR-LOG-ID="d824372a-a0e6-11f0-8b5a-cee493d8ca00" CLIENT-IP="71.217.130.52:55025" X-SITE-DEPLOYMENT-ID="saxtechmegamindfunctions" WAS-DEFAULT-HOSTNAME="saxtechmegamindfunctions.scm.azurewebsites.net" X-Forwarded-Proto="https" X-AppService-Proto="https" X-Forwarded-TlsVersion="1.3" X-WAWS-Unencoded-URL="/api/zipdeploy?isAsync=true&amp;Deployer=az_cli_functions" >
  <step title="Cleanup Xml Logs" date="2025-10-04T05:56:26.378" /><!-- duration: 31ms -->
  <step title="ZipPushDeploy" date="2025-10-04T05:56:26.690" >
    <step title="Functions App ZipDeploy. Run from package." date="2025-10-04T05:56:26.737" /><!-- duration: 16ms -->
    <step title="Starting PushDeployAsync" date="2025-10-04T05:56:26.800" /><!-- duration: 16ms -->
    <step title="Updating shutdown sentinel last write time" date="2025-10-04T05:56:26.925" SemaphoreCount="7" /><!-- duration: 16ms -->
    <step title="LockFile &apos;C:\home\site\locks\deployments.lock&apos; acquired" date="2025-10-04T05:56:26.971" /><!-- duration: 31ms -->
    <step title="Deleting outdated zip file C:\home\data\SitePackages\20251004052126.zip" date="2025-10-04T05:56:27.050" /><!-- duration: 63ms -->
    <step title="Saving request content to C:\home\data\SitePackages\20251004055626.zip" date="2025-10-04T05:56:27.128" >
      <step title="Total 8,725,696 bytes written to C:\home\data\SitePackages\20251004055626.zip" date="2025-10-04T05:56:27.331" /><!-- duration: 16ms -->
    </step><!-- duration: 719ms -->
    <step title="LockFile &apos;C:\home\site\locks\deployments.lock&apos; released" date="2025-10-04T05:56:27.878" /><!-- duration: 16ms -->
    <step title="Deleting shutdown sentinel file" date="2025-10-04T05:56:27.941" SemaphoreCount="8" /><!-- duration: 31ms -->
    <step title="Starting FetchDeploy" date="2025-10-04T05:56:27.987" /><!-- duration: 31ms -->
    <step title="Start deployment in the background" date="2025-10-04T05:56:28.034" /><!-- duration: 719ms -->
  </step><!-- duration: 2079ms -->
  <step title="Outgoing response" date="2025-10-04T05:56:28.816" type="response" statusCode="202" statusText="Accepted" Server="Microsoft-IIS/10.0" x-ms-request-id="d824372a-a0e6-11f0-8b5a-cee493d8ca00" Retry-After="30" Cache-Control="private" X-AspNet-Version="4.0.30319" Location="https://saxtechmegamindfunctions.scm.azurewebsites.net/api/deployments/latest?deployer=az_cli_functions&amp;time=2025-10-04_05-56-28Z" /><!-- duration: 31ms -->
</step><!-- duration: 2516ms -->
