<step title="Incoming Request" date="2025-10-04T15:51:16.784" instance="390109" url="/api/zipdeploy?isAsync=true&amp;Deployer=az_cli_functions" method="POST" type="request" pid="3900,2,66" Cache-Control="no-cache" Content-Length="8750644" Content-Type="application/octet-stream" Accept="*/*" Accept-Encoding="gzip, deflate" Authorization="Bas..." Host="saxtechmegamindfunctions.scm.azurewebsites.net" User-Agent="AZURECLI/2.75.0 (HOMEBREW)" x-ms-client-request-id="f0c74d46-a139-11f0-9c16-cee493d8ca00" X-ARR-LOG-ID="f0c74d46-a139-11f0-9c16-cee493d8ca00" CLIENT-IP="71.217.130.52:62850" X-SITE-DEPLOYMENT-ID="saxtechmegamindfunctions" WAS-DEFAULT-HOSTNAME="saxtechmegamindfunctions.scm.azurewebsites.net" X-Forwarded-Proto="https" X-AppService-Proto="https" X-Forwarded-TlsVersion="1.3" X-WAWS-Unencoded-URL="/api/zipdeploy?isAsync=true&amp;Deployer=az_cli_functions" >
  <step title="Cleanup Xml Logs" date="2025-10-04T15:51:16.815" /><!-- duration: 47ms -->
  <step title="ZipPushDeploy" date="2025-10-04T15:51:16.925" >
    <step title="Functions App ZipDeploy. Run from package." date="2025-10-04T15:51:16.971" /><!-- duration: 16ms -->
    <step title="Starting PushDeployAsync" date="2025-10-04T15:51:17.018" /><!-- duration: 31ms -->
    <step title="Updating shutdown sentinel last write time" date="2025-10-04T15:51:17.128" SemaphoreCount="7" /><!-- duration: 16ms -->
    <step title="LockFile &apos;C:\home\site\locks\deployments.lock&apos; acquired" date="2025-10-04T15:51:17.190" /><!-- duration: 31ms -->
    <step title="Deleting outdated zip file C:\home\data\SitePackages\20251004055218.zip" date="2025-10-04T15:51:17.268" /><!-- duration: 63ms -->
    <step title="Saving request content to C:\home\data\SitePackages\20251004155116.zip" date="2025-10-04T15:51:17.347" >
      <step title="Total 8,750,644 bytes written to C:\home\data\SitePackages\20251004155116.zip" date="2025-10-04T15:51:17.534" /><!-- duration: 16ms -->
    </step><!-- duration: 687ms -->
    <step title="LockFile &apos;C:\home\site\locks\deployments.lock&apos; released" date="2025-10-04T15:51:18.065" /><!-- duration: 16ms -->
    <step title="Deleting shutdown sentinel file" date="2025-10-04T15:51:18.112" SemaphoreCount="8" /><!-- duration: 31ms -->
    <step title="Starting FetchDeploy" date="2025-10-04T15:51:18.159" /><!-- duration: 16ms -->
    <step title="Start deployment in the background" date="2025-10-04T15:51:18.206" /><!-- duration: 375ms -->
  </step><!-- duration: 1672ms -->
  <step title="Outgoing response" date="2025-10-04T15:51:18.628" type="response" statusCode="202" statusText="Accepted" Server="Microsoft-IIS/10.0" x-ms-request-id="f0c74d46-a139-11f0-9c16-cee493d8ca00" Retry-After="30" Cache-Control="private" X-AspNet-Version="4.0.30319" Location="https://saxtechmegamindfunctions.scm.azurewebsites.net/api/deployments/latest?deployer=az_cli_functions&amp;time=2025-10-04_15-51-18Z" /><!-- duration: 16ms -->
</step><!-- duration: 1875ms -->
