<step title="Incoming Request" date="2025-09-10T05:56:41.013" instance="bc487a" url="/api/zipdeploy?isAsync=true&amp;Deployer=az_cli_functions" method="POST" type="request" pid="3304,2,7" Cache-Control="no-cache" Connection="Keep-Alive" Content-Length="5168223" Content-Type="application/octet-stream" Accept="*/*" Accept-Encoding="gzip, deflate" Authorization="Bas..." Host="saxtechmegamindfunctions.scm.azurewebsites.net" User-Agent="AZURECLI/2.75.0 (HOMEBREW)" x-ms-client-request-id="e568ed66-8e0a-11f0-8336-cee493d8ca02" X-ARR-LOG-ID="e568ed66-8e0a-11f0-8336-cee493d8ca02" CLIENT-IP="71.217.130.52:54246" X-SITE-DEPLOYMENT-ID="saxtechmegamindfunctions" WAS-DEFAULT-HOSTNAME="saxtechmegamindfunctions.scm.azurewebsites.net" X-Forwarded-Proto="https" X-AppService-Proto="https" X-Forwarded-TlsVersion="1.3" X-WAWS-Unencoded-URL="/api/zipdeploy?isAsync=true&amp;Deployer=az_cli_functions" X-MS-COLDSTART="1" >
  <step title="ZipPushDeploy" date="2025-09-10T05:56:41.466" >
    <step title="Functions App ZipDeploy. Run from package." date="2025-09-10T05:56:41.544" /><!-- duration: 16ms -->
    <step title="Starting PushDeployAsync" date="2025-09-10T05:56:41.591" /><!-- duration: 16ms -->
    <step title="Updating shutdown sentinel last write time" date="2025-09-10T05:56:41.736" SemaphoreCount="7" /><!-- duration: 15ms -->
    <step title="LockFile &apos;C:\home\site\locks\deployments.lock&apos; acquired" date="2025-09-10T05:56:41.767" /><!-- duration: 31ms -->
    <step title="Saving request content to C:\home\data\SitePackages\20250910055641.zip" date="2025-09-10T05:56:41.830" >
      <step title="Total 5,168,223 bytes written to C:\home\data\SitePackages\20250910055641.zip" date="2025-09-10T05:56:41.970" /><!-- duration: 16ms -->
    </step><!-- duration: 453ms -->
    <step title="LockFile &apos;C:\home\site\locks\deployments.lock&apos; released" date="2025-09-10T05:56:42.314" /><!-- duration: 31ms -->
    <step title="Deleting shutdown sentinel file" date="2025-09-10T05:56:42.392" SemaphoreCount="8" /><!-- duration: 16ms -->
    <step title="Starting FetchDeploy" date="2025-09-10T05:56:42.439" /><!-- duration: 16ms -->
    <step title="Start deployment in the background" date="2025-09-10T05:56:42.470" /><!-- duration: 672ms -->
  </step><!-- duration: 1691ms -->
  <step title="Outgoing response" date="2025-09-10T05:56:43.205" type="response" statusCode="202" statusText="Accepted" Server="Microsoft-IIS/10.0" x-ms-request-id="e568ed66-8e0a-11f0-8336-cee493d8ca02" Retry-After="30" Cache-Control="private" X-AspNet-Version="4.0.30319" Location="https://saxtechmegamindfunctions.scm.azurewebsites.net/api/deployments/latest?deployer=az_cli_functions&amp;time=2025-09-10_05-56-43Z" /><!-- duration: 16ms -->
</step><!-- duration: 2238ms -->
