<step title="Incoming Request" date="2025-09-10T06:16:27.259" instance="bc487a" url="/api/zipdeploy?isAsync=true&amp;Deployer=az_cli_functions" method="POST" type="request" pid="3100,2,15" Cache-Control="no-cache" Content-Length="5168331" Content-Type="application/octet-stream" Accept="*/*" Accept-Encoding="gzip, deflate" Authorization="Bas..." Host="saxtechmegamindfunctions.scm.azurewebsites.net" User-Agent="AZURECLI/2.75.0 (HOMEBREW)" x-ms-client-request-id="a9db9bf6-8e0d-11f0-b84c-cee493d8ca02" X-ARR-LOG-ID="a9db9bf6-8e0d-11f0-b84c-cee493d8ca02" CLIENT-IP="71.217.130.52:59343" X-SITE-DEPLOYMENT-ID="saxtechmegamindfunctions" WAS-DEFAULT-HOSTNAME="saxtechmegamindfunctions.scm.azurewebsites.net" X-Forwarded-Proto="https" X-AppService-Proto="https" X-Forwarded-TlsVersion="1.3" X-WAWS-Unencoded-URL="/api/zipdeploy?isAsync=true&amp;Deployer=az_cli_functions" >
  <step title="Cleanup Xml Logs" date="2025-09-10T06:16:27.305" /><!-- duration: 47ms -->
  <step title="ZipPushDeploy" date="2025-09-10T06:16:27.556" >
    <step title="Functions App ZipDeploy. Run from package." date="2025-09-10T06:16:27.587" /><!-- duration: 16ms -->
    <step title="Starting PushDeployAsync" date="2025-09-10T06:16:27.618" /><!-- duration: 47ms -->
    <step title="Updating shutdown sentinel last write time" date="2025-09-10T06:16:27.743" SemaphoreCount="7" /><!-- duration: 78ms -->
    <step title="LockFile &apos;C:\home\site\locks\deployments.lock&apos; acquired" date="2025-09-10T06:16:27.852" /><!-- duration: 16ms -->
    <step title="Saving request content to C:\home\data\SitePackages\20250910061627.zip" date="2025-09-10T06:16:27.946" >
      <step title="Total 5,168,331 bytes written to C:\home\data\SitePackages\20250910061627.zip" date="2025-09-10T06:16:28.102" /><!-- duration: 31ms -->
    </step><!-- duration: 516ms -->
    <step title="LockFile &apos;C:\home\site\locks\deployments.lock&apos; released" date="2025-09-10T06:16:28.493" /><!-- duration: 31ms -->
    <step title="Deleting shutdown sentinel file" date="2025-09-10T06:16:28.571" SemaphoreCount="8" /><!-- duration: 62ms -->
    <step title="Starting FetchDeploy" date="2025-09-10T06:16:28.680" /><!-- duration: 16ms -->
    <step title="Start deployment in the background" date="2025-09-10T06:16:28.727" /><!-- duration: 734ms -->
  </step><!-- duration: 1922ms -->
  <step title="Outgoing response" date="2025-09-10T06:16:29.493" type="response" statusCode="202" statusText="Accepted" Server="Microsoft-IIS/10.0" x-ms-request-id="a9db9bf6-8e0d-11f0-b84c-cee493d8ca02" Retry-After="30" Cache-Control="private" X-AspNet-Version="4.0.30319" Location="https://saxtechmegamindfunctions.scm.azurewebsites.net/api/deployments/latest?deployer=az_cli_functions&amp;time=2025-09-10_06-16-29Z" /><!-- duration: 16ms -->
</step><!-- duration: 2281ms -->
