<step title="BackgroundTrace" date="2025-09-10T05:56:42.501" instance="bc487a" url="/api/zipdeploy" method="POST" >
  <step title="Updating shutdown sentinel last write time" date="2025-09-10T05:56:42.548" SemaphoreCount="7" /><!-- duration: 16ms -->
  <step title="LockFile &apos;C:\home\site\locks\deployments.lock&apos; acquired" date="2025-09-10T05:56:42.595" /><!-- duration: 31ms -->
  <step title="Creating temporary deployment" date="2025-09-10T05:56:42.642" /><!-- duration: 156ms -->
  <step title="Performing fetch based deployment" date="2025-09-10T05:56:42.814" >
    <step title="Fetching changes." date="2025-09-10T05:56:43.111" /><!-- duration: 16ms -->
    <step title="Starting LocalZipHandler" date="2025-09-10T05:56:43.173" /><!-- duration: 16ms -->
    <step title="Starting ExtractTriggers" date="2025-09-10T05:56:43.220" /><!-- duration: 16ms -->
    <step title="Before sending BuildRequestReceived status to /api/updatedeploystatus" date="2025-09-10T05:56:43.330" /><!-- duration: 16ms -->
    <step title="DeploymentManager.Deploy(id:d868fdc94dbe42429288585238a87338)" date="2025-09-10T05:56:43.376" >
      <step title="Collecting changeset information" date="2025-09-10T05:56:43.423" /><!-- duration: 172ms -->
      <step title="Updating submodules" date="2025-09-10T05:56:43.611" >
        <step title="Updating submodules." date="2025-09-10T05:56:43.845" /><!-- duration: 16ms -->
      </step><!-- duration: 281ms -->
      <step title="Preparing deployment for commit id &apos;d868fdc94d&apos;." date="2025-09-10T05:56:44.080" /><!-- duration: 16ms -->
      <step title="Determining deployment builder" date="2025-09-10T05:56:44.283" >
        <step title="Builder is RunFromZipSiteBuilder" date="2025-09-10T05:56:44.298" /><!-- duration: 31ms -->
      </step><!-- duration: 62ms -->
      <step title="Copying SSH keys" date="2025-09-10T05:56:44.408" /><!-- duration: 47ms -->
      <step title="Building" date="2025-09-10T05:56:44.470" >
        <step title="Skipping build. Project type: Run-From-Zip" date="2025-09-10T05:56:44.673" /><!-- duration: 47ms -->
        <step title="Skipping post build. Project type: Run-From-Zip" date="2025-09-10T05:56:44.908" /><!-- duration: 16ms -->
        <step title="Triggering recycle (preview mode disabled)." date="2025-09-10T05:56:45.142" /><!-- duration: 16ms -->
        <step title="Ignoring FS watcher based recycle request as this is a classic Windows app." date="2025-09-10T05:56:45.205" /><!-- duration: 16ms -->
        <step title="Deployment successful. DEPLOYMENTINFO: deploymentPath = Functions App ZipDeploy. Run from package., deployer = az_cli_functions, os = windows, sku = Dynamic, language = dotnet-isolated, siteName = saxtechmegamindfunctions, slotName = Production, siteHostName = saxtechmegamindfunctions.azurewebsites.net, deploymentStatus = Success" date="2025-09-10T05:56:45.455" /><!-- duration: 16ms -->
      </step><!-- duration: 1516ms -->
    </step><!-- duration: 2641ms -->
    <step title="Cleaning up temp files" date="2025-09-10T05:56:46.033" /><!-- duration: 47ms -->
    <step title="Updating C:\home\data\SitePackages\packagename.txt with deployment 20250910055641.zip" date="2025-09-10T05:56:46.111" /><!-- duration: 47ms -->
    <step title="Begin HttpPost https://saxtechmegamindfunctions.scm.azurewebsites.net/operations/settriggers, x-ms-request-id: e568ed66-8e0a-11f0-8336-cee493d8ca02" date="2025-09-10T05:56:46.220" /><!-- duration: 16ms -->
    <step title="End HttpPost, status: OK" date="2025-09-10T05:56:46.408" /><!-- duration: 31ms -->
    <step title="Scheduling background sync triggers after delay" date="2025-09-10T05:56:46.455" /><!-- duration: 16ms -->
  </step><!-- duration: 3922ms -->
  <step title="LockFile &apos;C:\home\site\locks\deployments.lock&apos; released" date="2025-09-10T05:56:46.783" /><!-- duration: 31ms -->
</step><!-- duration: 4344ms -->
