<Events><Event><System><Provider Name="ZipFS"/><EventID>0</EventID><Level>1</Level><Task>0</Task><Keywords>Keywords</Keywords><TimeCreated SystemTime="2025-09-10T05:48:04Z"/><EventRecordID>5463359</EventRecordID><Channel>Application</Channel><Computer>10-30-1-193</Computer><Security/></System><EventData><Data>Failed to open siteversion.txt. ZipFS setup failed. Error: 0x80070002</Data></EventData></Event><Event><System><Provider Name="IIS AspNetCore Module V2"/><EventID>1033</EventID><Level>4</Level><Task>0</Task><Keywords>Keywords</Keywords><TimeCreated SystemTime="2025-09-10T05:48:32Z"/><EventRecordID>5491781</EventRecordID><Channel>Application</Channel><Computer>10-30-1-193</Computer><Security/></System><EventData><Data>Application 'MACHINE/WEBROOT/APPHOST/MAWSFNPLACEHOLDER9_F_V4_NODE_20_X86' has shutdown.</Data><Data>Process Id: 6568.</Data><Data>File Version: 18.0.25107.16. Description: IIS ASP.NET Core Module V2 Request Handler. Commit: </Data></EventData></Event><Event><System><Provider Name="IIS AspNetCore Module V2"/><EventID>1033</EventID><Level>4</Level><Task>0</Task><Keywords>Keywords</Keywords><TimeCreated SystemTime="2025-09-10T05:48:37Z"/><EventRecordID>10579078</EventRecordID><Channel>Application</Channel><Computer>10-30-1-152</Computer><Security/></System><EventData><Data>Application 'MACHINE/WEBROOT/APPHOST/MAWSFNPLACEHOLDER17_F_V4_DOTNET-ISOLATED_8.0_X86' has shutdown.</Data><Data>Process Id: 6412.</Data><Data>File Version: 18.0.25107.16. Description: IIS ASP.NET Core Module V2 Request Handler. Commit: </Data></EventData></Event><Event><System><Provider Name="IIS AspNetCore Module V2"/><EventID>1032</EventID><Level>4</Level><Task>0</Task><Keywords>Keywords</Keywords><TimeCreated SystemTime="2025-09-10T05:49:00Z"/><EventRecordID>10602218</EventRecordID><Channel>Application</Channel><Computer>10-30-1-152</Computer><Security/></System><EventData><Data>Application 'C:\Program Files (x86)\SiteExtensions\Functions\4.1042.100\32bit\' started successfully.</Data><Data>Process Id: 4492.</Data><Data>File Version: 18.0.25107.16. Description: IIS ASP.NET Core Module V2 Request Handler. Commit: </Data></EventData></Event><Event><System><Provider Name="IIS AspNetCore Module V2"/><EventID>1005</EventID><Level>2</Level><Task>0</Task><Keywords>Keywords</Keywords><TimeCreated SystemTime="2025-09-10T05:49:10Z"/><EventRecordID>10612265</EventRecordID><Channel>Application</Channel><Computer>10-30-1-152</Computer><Security/></System><EventData><Data>Failed to gracefully shutdown application 'MACHINE/WEBROOT/APPHOST/MAWSFNPLACEHOLDER17_F_V4_DOTNET-ISOLATED_8.0_X86'.</Data><Data>Process Id: 4492.</Data><Data>File Version: 18.0.25107.16. Description: IIS ASP.NET Core Module V2 Request Handler. Commit: </Data></EventData></Event><Event><System><Provider Name="IIS AspNetCore Module V2"/><EventID>1033</EventID><Level>4</Level><Task>0</Task><Keywords>Keywords</Keywords><TimeCreated SystemTime="2025-09-10T05:57:23Z"/><EventRecordID>11104562</EventRecordID><Channel>Application</Channel><Computer>10-30-1-152</Computer><Security/></System><EventData><Data>Application 'MACHINE/WEBROOT/APPHOST/MAWSFNPLACEHOLDER19_F_V4_DOTNET-ISOLATED_8.0_X86' has shutdown.</Data><Data>Process Id: 6988.</Data><Data>File Version: 18.0.25107.16. Description: IIS ASP.NET Core Module V2 Request Handler. Commit: </Data></EventData></Event><Event><System><Provider Name="IIS AspNetCore Module V2"/><EventID>1032</EventID><Level>4</Level><Task>0</Task><Keywords>Keywords</Keywords><TimeCreated SystemTime="2025-09-10T05:57:35Z"/><EventRecordID>11116781</EventRecordID><Channel>Application</Channel><Computer>10-30-1-152</Computer><Security/></System><EventData><Data>Application 'C:\Program Files (x86)\SiteExtensions\Functions\4.1042.100\32bit\' started successfully.</Data><Data>Process Id: 5860.</Data><Data>File Version: 18.0.25107.16. Description: IIS ASP.NET Core Module V2 Request Handler. Commit: </Data></EventData></Event><Event><System><Provider Name="IIS AspNetCore Module V2"/><EventID>1033</EventID><Level>4</Level><Task>0</Task><Keywords>Keywords</Keywords><TimeCreated SystemTime="2025-09-10T06:06:53Z"/><EventRecordID>11674671</EventRecordID><Channel>Application</Channel><Computer>10-30-1-152</Computer><Security/></System><EventData><Data>Application 'MACHINE/WEBROOT/APPHOST/SAXTECHMEGAMINDFUNCTIONS' has shutdown.</Data><Data>Process Id: 5860.</Data><Data>File Version: 18.0.25107.16. Description: IIS ASP.NET Core Module V2 Request Handler. Commit: </Data></EventData></Event><Event><System><Provider Name="IIS AspNetCore Module V2"/><EventID>1033</EventID><Level>4</Level><Task>0</Task><Keywords>Keywords</Keywords><TimeCreated SystemTime="2025-09-10T06:16:38Z"/><EventRecordID>12259718</EventRecordID><Channel>Application</Channel><Computer>10-30-1-152</Computer><Security/></System><EventData><Data>Application 'MACHINE/WEBROOT/APPHOST/MAWSFNPLACEHOLDER20_F_V4_DOTNET-ISOLATED_8.0_X86' has shutdown.</Data><Data>Process Id: 5160.</Data><Data>File Version: 18.0.25107.16. Description: IIS ASP.NET Core Module V2 Request Handler. Commit: </Data></EventData></Event></Events>