﻿<?xml version="1.0" encoding="utf-8"?>
<deployment>
  <id>b70cedddb23141fba6c1eff0f76528a0</id>
  <author>N/A</author>
  <deployer>az_cli_functions</deployer>
  <authorEmail>N/A</authorEmail>
  <message>Created via a push deployment</message>
  <progress></progress>
  <status>Success</status>
  <statusText></statusText>
  <lastSuccessEndTime>2025-10-04T13:54:35.9156285Z</lastSuccessEndTime>
  <receivedTime>2025-10-04T13:54:34.0562039Z</receivedTime>
  <startTime>2025-10-04T13:54:34.6812073Z</startTime>
  <endTime>2025-10-04T13:54:35.9156285Z</endTime>
  <complete>True</complete>
  <is_temp>False</is_temp>
  <is_readonly>True</is_readonly>
  <project_type>Run-From-Zip</project_type>
  <vsproject_id></vsproject_id>
</deployment>