﻿<?xml version="1.0" encoding="utf-8"?>
<deployment>
  <id>91bc68fa6bf24fd6a85d64a35c935c11</id>
  <author>N/A</author>
  <deployer>az_cli_functions</deployer>
  <authorEmail>N/A</authorEmail>
  <message>Created via a push deployment</message>
  <progress></progress>
  <status>Success</status>
  <statusText></statusText>
  <lastSuccessEndTime>2025-10-04T05:21:30.5903902Z</lastSuccessEndTime>
  <receivedTime>2025-10-04T05:21:28.5903175Z</receivedTime>
  <startTime>2025-10-04T05:21:29.2309976Z</startTime>
  <endTime>2025-10-04T05:21:30.5903902Z</endTime>
  <complete>True</complete>
  <is_temp>False</is_temp>
  <is_readonly>True</is_readonly>
  <project_type>Run-From-Zip</project_type>
  <vsproject_id></vsproject_id>
</deployment>