﻿<?xml version="1.0" encoding="utf-8"?>
<deployment>
  <id>215867bfc74c499f95b0aa396f3c01bc</id>
  <author>N/A</author>
  <deployer>az_cli_functions</deployer>
  <authorEmail>N/A</authorEmail>
  <message>Created via a push deployment</message>
  <progress></progress>
  <status>Success</status>
  <statusText></statusText>
  <lastSuccessEndTime>2025-10-04T05:52:22.9884589Z</lastSuccessEndTime>
  <receivedTime>2025-10-04T05:52:20.8478579Z</receivedTime>
  <startTime>2025-10-04T05:52:21.597855Z</startTime>
  <endTime>2025-10-04T05:52:22.9884589Z</endTime>
  <complete>True</complete>
  <is_temp>False</is_temp>
  <is_readonly>True</is_readonly>
  <project_type>Run-From-Zip</project_type>
  <vsproject_id></vsproject_id>
</deployment>