﻿<?xml version="1.0" encoding="utf-8"?>
<deployment>
  <id>412fdb7d21ba4c22b57d452947327d62</id>
  <author>N/A</author>
  <deployer>az_cli_functions</deployer>
  <authorEmail>N/A</authorEmail>
  <message>Created via a push deployment</message>
  <progress></progress>
  <status>Success</status>
  <statusText></statusText>
  <lastSuccessEndTime>2025-10-04T05:56:31.2223332Z</lastSuccessEndTime>
  <receivedTime>2025-10-04T05:56:29.1285058Z</receivedTime>
  <startTime>2025-10-04T05:56:29.7535156Z</startTime>
  <endTime>2025-10-04T05:56:31.2223332Z</endTime>
  <complete>True</complete>
  <is_temp>False</is_temp>
  <is_readonly>True</is_readonly>
  <project_type>Run-From-Zip</project_type>
  <vsproject_id></vsproject_id>
</deployment>