﻿<?xml version="1.0" encoding="utf-8"?>
<deployment>
  <id>a44d49eee6234b249462f3c922e036de</id>
  <author>N/A</author>
  <deployer>az_cli_functions</deployer>
  <authorEmail>N/A</authorEmail>
  <message>Created via a push deployment</message>
  <progress></progress>
  <status>Success</status>
  <statusText></statusText>
  <lastSuccessEndTime>2025-10-04T05:25:05.946956Z</lastSuccessEndTime>
  <receivedTime>2025-10-04T05:25:03.6187358Z</receivedTime>
  <startTime>2025-10-04T05:25:04.3844401Z</startTime>
  <endTime>2025-10-04T05:25:05.946956Z</endTime>
  <complete>True</complete>
  <is_temp>False</is_temp>
  <is_readonly>True</is_readonly>
  <project_type>Run-From-Zip</project_type>
  <vsproject_id></vsproject_id>
</deployment>