﻿<?xml version="1.0" encoding="utf-8"?>
<deployment>
  <id>d868fdc94dbe42429288585238a87338</id>
  <author>N/A</author>
  <deployer>az_cli_functions</deployer>
  <authorEmail>N/A</authorEmail>
  <message>Created via a push deployment</message>
  <progress></progress>
  <status>Success</status>
  <statusText></statusText>
  <lastSuccessEndTime>2025-09-10T05:56:45.5644601Z</lastSuccessEndTime>
  <receivedTime>2025-09-10T05:56:43.5019278Z</receivedTime>
  <startTime>2025-09-10T05:56:44.1581811Z</startTime>
  <endTime>2025-09-10T05:56:45.5644601Z</endTime>
  <complete>True</complete>
  <is_temp>False</is_temp>
  <is_readonly>True</is_readonly>
  <project_type>Run-From-Zip</project_type>
  <vsproject_id></vsproject_id>
</deployment>