{"TimeStamp":"2025-09-10T06:16:32Z","SiteName":"saxtechmegamindfunctions","RequestId":"a9db9bf6-8e0d-11f0-b84c-cee493d8ca02","Kind":"az_cli_functions","Status":"Success","Details":"{\"Id\":\"b5f99e0f4b6442b2bcb58dd17ff6a0f8\",\"Status\":4,\"StatusText\":\"\",\"AuthorEmail\":\"N/A\",\"Author\":\"N/A\",\"Message\":\"Created via a push deployment\",\"Progress\":\"\",\"Deployer\":\"az_cli_functions\",\"ReceivedTime\":\"2025-09-10T06:16:29.8528711Z\",\"StartTime\":\"2025-09-10T06:16:30.977876Z\",\"EndTime\":\"2025-09-10T06:16:32.4319293Z\",\"LastSuccessEndTime\":\"2025-09-10T06:16:32.4319293Z\",\"Complete\":true,\"IsTemporary\":false,\"IsReadOnly\":true,\"SiteName\":\"saxtechmegamindfunctions\",\"HostName\":\"saxtechmegamindfunctions.scm.azurewebsites.net\",\"ProjectType\":\"Run-From-Zip\",\"VsProjectId\":null}"}