﻿<?xml version="1.0" encoding="utf-8"?>
<deployment>
  <id>d5802b847aef4bbf99b9d87051147d7d</id>
  <author>N/A</author>
  <deployer>az_cli_functions</deployer>
  <authorEmail>N/A</authorEmail>
  <message>Created via a push deployment</message>
  <progress></progress>
  <status>Success</status>
  <statusText></statusText>
  <lastSuccessEndTime>2025-10-04T15:51:21.1282829Z</lastSuccessEndTime>
  <receivedTime>2025-10-04T15:51:19.2220688Z</receivedTime>
  <startTime>2025-10-04T15:51:19.8626355Z</startTime>
  <endTime>2025-10-04T15:51:21.1282829Z</endTime>
  <complete>True</complete>
  <is_temp>False</is_temp>
  <is_readonly>True</is_readonly>
  <project_type>Run-From-Zip</project_type>
  <vsproject_id></vsproject_id>
</deployment>