﻿<?xml version="1.0" encoding="utf-8"?>
<deployment>
  <id>92a1bd4f987342a7997d60570989e29a</id>
  <author>N/A</author>
  <deployer>az_cli_functions</deployer>
  <authorEmail>N/A</authorEmail>
  <message>Created via a push deployment</message>
  <progress></progress>
  <status>Success</status>
  <statusText></statusText>
  <lastSuccessEndTime>2025-10-04T04:19:36.2651996Z</lastSuccessEndTime>
  <receivedTime>2025-10-04T04:19:34.0621985Z</receivedTime>
  <startTime>2025-10-04T04:19:34.8120681Z</startTime>
  <endTime>2025-10-04T04:19:36.2651996Z</endTime>
  <complete>True</complete>
  <is_temp>False</is_temp>
  <is_readonly>True</is_readonly>
  <project_type>Run-From-Zip</project_type>
  <vsproject_id></vsproject_id>
</deployment>