﻿<?xml version="1.0" encoding="utf-8"?>
<deployment>
  <id>b5f99e0f4b6442b2bcb58dd17ff6a0f8</id>
  <author>N/A</author>
  <deployer>az_cli_functions</deployer>
  <authorEmail>N/A</authorEmail>
  <message>Created via a push deployment</message>
  <progress></progress>
  <status>Success</status>
  <statusText></statusText>
  <lastSuccessEndTime>2025-09-10T06:16:32.4319293Z</lastSuccessEndTime>
  <receivedTime>2025-09-10T06:16:29.8528711Z</receivedTime>
  <startTime>2025-09-10T06:16:30.977876Z</startTime>
  <endTime>2025-09-10T06:16:32.4319293Z</endTime>
  <complete>True</complete>
  <is_temp>False</is_temp>
  <is_readonly>True</is_readonly>
  <project_type>Run-From-Zip</project_type>
  <vsproject_id></vsproject_id>
</deployment>